playerID, Last_Name,  First_Name, BH, TH, teamID, Position
playerID, Last_Name,  First_Name, BH, TH, teamID, Position
playerID, Last_Name,  First_Name, BH, TH, teamID, Position
playerID, Last_Name,  First_Name, BH, TH, teamID, Position
playerID, Last_Name,  First_Name, BH, TH, teamID, Position
alvaj003,Alvarez,Jose,L,L,ANA,P
baila001,Bailey,Andrew,R,R,ANA,P
bedrc001,Bedrosian,Cam,R,R,ANA,P
bridp001,Bridwell,Parker,R,R,ANA,P
calhk001,Calhoun,Kole,L,L,ANA,OF
chavj001,Chavez,Jesse,R,R,ANA,P
cowak001,Cowart,Kaleb,B,R,ANA,3B
cronc002,Cron,C.J.,R,R,ANA,1B
escoy001,Escobar,Yunel,R,R,ANA,3B
espid001,Espinosa,Danny,B,R,ANA,2B
florr003,Flores,Ramon,L,L,ANA,OF
fontn001,Fontana,Nolan,L,R,ANA,SS
frann001,Franklin,Nick,B,R,ANA,2B
gratj001,Graterol,Juan,R,R,ANA,C
guerd001,Guerra,Deolis,R,R,ANA,P
gurkj001,Gurka,Jason,L,L,ANA,P
heana001,Heaney,Andrew,L,L,ANA,P
hernd002,Hernandez,David,R,R,ANA,P
magnd001,Magnifico,Damien,R,R,ANA,P
maldm001,Maldonado,Martin,R,R,ANA,C
martj007,Marte,Jefry,R,R,ANA,1B
maybc001,Maybin,Cameron,R,R,ANA,OF
meyea001,Meyer,Alex,R,R,ANA,P
middk001,Middleton,Keynan,R,R,ANA,P
morim002,Morin,Mike,R,R,ANA,P
nolar001,Nolasco,Ricky,R,R,ANA,P
norrb001,Norris,Bud,R,R,ANA,P
paree001,Paredes,Eduardo,R,R,ANA,P
parkb001,Parker,Blake,R,R,ANA,P
pennc001,Pennington,Cliff,B,R,ANA,2B
perec003,Perez,Carlos,R,R,ANA,C
petiy001,Petit,Yusmeiro,R,R,ANA,P
philb001,Phillips,Brandon,R,R,ANA,2B
pounb001,Pounders,Brooks,R,R,ANA,P
puelc001,Puello,Cesar,R,R,ANA,OF
pujoa001,Pujols,Albert,R,R,ANA,1B
ramij002,Ramirez,J.C.,R,R,ANA,P
ramin002,Ramirez,Noe,R,R,ANA,P
reveb001,Revere,Ben,L,R,ANA,OF
richg002,Richards,Garrett,R,R,ANA,P
robis001,Robinson,Shane,R,R,ANA,OF
salaf001,Salas,Fernando,R,R,ANA,P
scrit001,Scribner,Troy,R,R,ANA,P
shoem001,Shoemaker,Matt,R,R,ANA,P
simma001,Simmons,Andrelton,R,R,ANA,SS
skagt001,Skaggs,Tyler,L,L,ANA,P
streh001,Street,Huston,R,R,ANA,P
troum001,Trout,Mike,R,R,ANA,OF
uptoj001,Upton,Justin,R,R,ANA,OF
valbl001,Valbuena,Luis,L,R,ANA,3B
valdj003,Valdez,Jose,R,R,ANA,P
woodb004,Wood,Blake,R,R,ANA,P
wrigd003,Wright,Daniel,R,R,ANA,P
yatek001,Yates,Kirby,L,R,ANA,P
youne003,Young,Eric,B,R,ANA,OF
ahmen001,Ahmed,Nick,R,R,ARI,SS
banda001,Banda,Anthony,L,L,ARI,P
barrj002,Barrett,Jake,R,R,ARI,P
blang001,Blanco,Gregor,L,L,ARI,OF
bracs001,Bracho,Silvino,R,R,ARI,P
brada001,Bradley,Archie,R,R,ARI,P
chafa001,Chafin,Andrew,R,L,ARI,P
corbp001,Corbin,Patrick,L,L,ARI,P
delaj001,de la Rosa,Jorge,L,L,ARI,P
delar003,de la Rosa,Rubby,R,R,ARI,P
delgr001,Delgado,Randall,R,R,ARI,P
descd001,Descalso,Daniel,L,R,ARI,SS
drurb001,Drury,Brandon,R,R,ARI,3B
fuenr001,Fuentes,Reymond,L,L,ARI,OF
godlz001,Godley,Zack,R,R,ARI,P
goldp001,Goldschmidt,Paul,R,R,ARI,1B
greiz001,Greinke,Zack,R,R,ARI,P
hazej001,Hazelbaker,Jeremy,L,R,ARI,OF
hernd002,Hernandez,David,R,R,ARI,P
herrc001,Herrmann,Chris,L,R,ARI,C
hoovj002,Hoover,J.J.,R,R,ARI,P
iannc001,Iannetta,Chris,R,R,ARI,C
kochm001,Koch,Matt,L,R,ARI,P
lambj001,Lamb,Jake,L,R,ARI,3B
martk001,Marte,Ketel,B,R,ARI,SS
martj006,Martinez,J.D.,R,R,ARI,OF
mathj001,Mathis,Jeff,R,R,ARI,C
mcfat001,McFarland,T.J.,L,L,ARI,P
mills001,Miller,Shelby,R,R,ARI,P
murpj001,Murphy,John Ryan,R,R,ARI,C
negrk001,Negron,Kristopher,R,R,ARI,OF
owinc001,Owings,Chris,R,R,ARI,2B
perad001,Peralta,David,L,L,ARI,OF
polla001,Pollock,A.J.,R,R,ARI,OF
ray-r002,Ray,Robbie,L,L,ARI,P
reinj001,Reinheimer,Jack,R,R,ARI,SS
rodnf001,Rodney,Fernando,R,R,ARI,P
rosaa001,Rosales,Adam,R,R,ARI,1B
sherj001,Sherfy,Jimmie,R,R,ARI,P
shipb001,Shipley,Braden,R,R,ARI,P
tomay001,Tomas,Yasmany,R,R,ARI,OF
vargi001,Vargas,Ildemaro,B,R,ARI,2B
walkc002,Walker,Christian,R,R,ARI,1B
walkt004,Walker,Taijuan,R,R,ARI,P
wilht001,Wilhelmsen,Tom,R,R,ARI,P
adaml001,Adams,Lane,R,R,ATL,OF
adamm002,Adams,Matt,L,R,ATL,1B
albio001,Albies,Ozzie,B,R,ATL,2B
blaia001,Blair,Aaron,R,R,ATL,P
bonie001,Bonifacio,Emilio,B,R,ATL,2B
brotr001,Brothers,Rex,L,L,ATL,P
camaj001,Camargo,Johan,B,R,ATL,SS
collj001,Collmenter,Josh,R,R,ATL,P
colob001,Colon,Bartolo,R,R,ATL,P
darnc001,d'Arnaud,Chase,R,R,ATL,SS
dickr001,Dickey,R.A.,R,R,ATL,P
flowt001,Flowers,Tyler,R,R,ATL,C
foltm001,Foltynewicz,Mike,R,R,ATL,P
freef001,Freeman,Freddie,L,R,ATL,1B
frees001,Freeman,Sam,R,L,ATL,P
freid001,Freitas,David,R,R,ATL,C
friem001,Fried,Max,L,L,ATL,P
garca004,Garcia,Adonis,R,R,ATL,3B
garcj004,Garcia,Jaime,L,L,ATL,P
gohal001,Gohara,Luiz,L,L,ATL,P
hursj004,Hursh,Jason,R,R,ATL,P
incie001,Inciarte,Ender,L,L,ATL,OF
jackl001,Jackson,Luke,R,R,ATL,P
johnj010,Johnson,Jim,R,R,ATL,P
johnm006,Johnson,Micah,L,R,ATL,2B
kempm001,Kemp,Matt,R,R,ATL,OF
kroli001,Krol,Ian,L,L,ATL,P
markn001,Markakis,Nick,L,L,ATL,OF
minta001,Minter,A.J.,L,L,ATL,P
morra001,Morris,Akeel,R,R,ATL,P
mottj001,Motte,Jason,R,R,ATL,P
newcs001,Newcomb,Sean,L,L,ATL,P
oflae001,O'Flaherty,Eric,L,L,ATL,P
petej002,Peterson,Jace,L,R,ATL,2B
philb001,Phillips,Brandon,R,R,ATL,2B
ramij004,Ramirez,Jose,R,R,ATL,P
recka001,Recker,Anthony,R,R,ATL,C
rodrs002,Rodriguez,Sean,R,R,ATL,1B
roe-c001,Roe,Chaz,R,R,ATL,P
ruizr002,Ruiz,Rio,L,R,ATL,3B
sanct001,Sanchez,Tony,R,R,ATL,C
santd001,Santana,Danny,B,R,ATL,OF
simsl001,Sims,Lucas,R,R,ATL,P
suzuk001,Suzuki,Kurt,R,R,ATL,C
swand001,Swanson,Dansby,R,R,ATL,SS
tehej001,Teheran,Julio,R,R,ATL,P
vizca001,Vizcaino,Arodys,R,R,ATL,P
winkd001,Winkler,Daniel,R,R,ATL,P 
wislm001,Wisler,Matt,R,R,ATL,P 
aquij001,Aquino,Jayson,L,L,BAL,P
alvap001,Alvarez,Pedro,L,R,BAL,1B
ashea001,Asher,Alec,R,R,BAL,P
beckt001,Beckham,Tim,R,R,BAL,2B
bleir001,Bleier,Richard,L,L,BAL,P
bracb001,Brach,Brad,R,R,BAL,P
britz001,Britton,Zach,L,L,BAL,P
bundd001,Bundy,Dylan,B,R,BAL,P
castw002,Castillo,Welington,R,R,BAL,C
castm002,Castro,Miguel,R,R,BAL,P
crics001,Crichton,Stefan,R,R,BAL,P
davic003,Davis,Chris,L,R,BAL,1B
drako001,Drake,Oliver,R,R,BAL,P
flahr001,Flaherty,Ryan,L,R,BAL,2B
gausk001,Gausman,Kevin,L,R,BAL,P
gentc001,Gentry,Craig,R,R,BAL,OF
giavj001,Giavotella,Johnny,R,R,BAL,2B
givem001,Givens,Mychal,R,R,BAL,P
hardj003,Hardy,J.J.,R,R,BAL,SS
hartd002,Hart,Donnie,L,L,BAL,P
haysa001,Hays,Austin,R,R,BAL,OF
hellj001,Hellickson,Jeremy,R,R,BAL,P
jacke001,Jackson,Edwin,R,R,BAL,P
janip001,Janish,Paul,R,R,BAL,SS
jimeu001,Jimenez,Ubaldo,R,R,BAL,P
josec002,Joseph,Caleb,R,R,BAL,C
jonea003,Jones,Adam,R,R,BAL,OF
kim-h001,Kim,Hyun Soo,L,R,BAL,OF
machm001,Machado,Manny,R,R,BAL,3B
manct001,Mancini,Trey,R,R,BAL,1B
milew001,Miley,Wade,L,L,BAL,P
nunov001,Nuno,Vidal,L,L,BAL,P
odayd001,O'Day,Darren,R,R,BAL,P 
penaf001,Pena,Francisco,R,R,BAL,C
rickj001,Rickard,Joey,R,L,BAL,OF
rodrr008,Rodriguez,Richard,R,R,BAL,P
santa003,Santander,Anthony,B,R,BAL,OF
schoj001,Schoop,Jonathan,R,R,BAL,2B
scott003,Scott,Tanner,R,L,BAL,P
siscc001,Sisco,Chance,L,R,BAL,C
smits002,Smith,Seth,L,L,BAL,OF
tejar001,Tejada,Ruben,R,R,BAL,SS
tillc001,Tillman,Chris,R,R,BAL,P
trumm001,Trumbo,Mark,R,R,BAL,OF
verrl001,Verrett,Logan,R,R,BAL,P
washd001,Washington,David,L,L,BAL,1B
wilst004,Wilson,Tyler,R,R,BAL,P
wrigm001,Wright,Mike,R,R,BAL,P 
yacaj001,Yacabonis,Jimmy,R,R,BAL,P
ynoag001,Ynoa,Gabriel,R,R,BAL,P
abadf001,Abad,Fernando,L,L,BOS,P
barnm001,Barnes,Matt,R,R,BOS,P
benia002,Benintendi,Andrew,L,L,BOS,LF
bettm001,Betts,Mookie,R,R,BOS,OF
bogax001,Bogaerts,Xander,R,R,BOS,SS
boyeb001,Boyer,Blaine,R,R,BOS,P
bradj001,Bradley,Jackie,L,R,BOS,OF
darnc001,d'Arnaud,Chase,R,R,BOS,SS
davir003,Davis,Rajai,R,R,BOS,OF
dever001,Devers,Rafael,L,R,BOS,3B
eliar001,Elias,Roenis,L,L,BOS,P
fistd001,Fister,Doug,L,R,BOS,P
hembh001,Hembree,Heath,R,R,BOS,P
hernm003,Hernandez,Marco,L,R,BOS,SS
holtb002,Holt,Brock,L,R,BOS,OF
johnb004,Johnson,Brian,L,L,BOS,P
kellj001,Kelly,Joe,R,R,BOS,P
kendk001,Kendrick,Kyle,R,R,BOS,P
kimbc001,Kimbrel,Craig,R,R,BOS,P
leons001,Leon,Sandy,B,R,BOS,C
lin-t001,Lin,Tzu-Wei,L,R,BOS,SS
madda001,Maddox,Austin,R,R,BOS,P
marrd001,Marrero,Deven,R,R,BOS,3B
martk003,Martin,Kyle,R,R,BOS,P
morem001,Moreland,Mitch,L,L,BOS,1B
nunee002,Nunez,Eduardo,R,R,BOS,SS
pedrd001,Pedroia,Dustin,R,R,BOS,2B
pomed001,Pomeranz,Drew,R,L,BOS,P
porcr001,Porcello,Rick,R,R,BOS,P
pricd001,Price,David,L,L,BOS,P
ramih003,Ramirez,Hanley,R,R,BOS,1B
ramin002,Ramirez,Noe,R,R,BOS,P
reeda001,Reed,Addison,L,R,BOS,P
rodre004,Rodriguez,Eduardo,L,L,BOS,P
rossr002,Ross,Robbie,L,L,BOS,P
rutlj001,Rutledge,Josh,R,R,BOS,SS
salec001,Sale,Chris,L,L,BOS,P
sandp001,Sandoval,Pablo,B,R,BOS,3B
scotr001,Scott,Robby,B,L,BOS,P
selss001,Selsky,Steve,R,R,BOS,OF
smitc004,Smith,Carson,R,R,BOS,P 
swihb001,Swihart,Blake,B,R,BOS,C
taylb002,Taylor,Ben,R,R,BOS,P
travs001,Travis,Sam,R,R,BOS,1B
vazqc001,Vazquez,Christian,R,R,BOS,C
velah001,Velazquez,Hector,R,R,BOS,P
workb001,Workman,Brandon,R,R,BOS,P
wrigs001,Wright,Steven,R,R,BOS,P 
younc004,Young,Chris,R,R,BOS,OF
abrej003,Abreu,Jose,R,R,CHA,1B
albua001,Alburquerque,Al,R,R,CHA,P
andet001,Anderson,Tim,R,R,CHA,SS
aschc001,Asche,Cody,L,R,CHA,OF
beckc002,Beck,Chris,R,R,CHA,P
branr002,Brantly,Rob,L,R,CHA,C
bumma001,Bummer,Aaron,L,L,CHA,P
cabrm002,Cabrera,Melky,B,L,CHA,OF
clipt001,Clippard,Tyler,R,R,CHA,P
coved001,Covey,Dylan,R,R,CHA,P
danit001,Danish,Tyler,R,R,CHA,P
davim005,Davidson,Matt,R,R,CHA,3B
delmn001,Delmonico,Nicky,L,R,CHA,3B
engea001,Engel,Adam,R,R,CHA,OF
farqd001,Farquhar,Danny,R,R,CHA,P
frazt001,Frazier,Todd,R,R,CHA,3B
fry-j001,Fry,Jace,L,L,CHA,P
fulmc001,Fulmer,Carson,R,R,CHA,P
garca003,Garcia,Avisail,R,R,CHA,OF
garcl004,Garcia,Leury,B,R,CHA,OF
garcw001,Garcia,Willy,R,R,CHA,OF
gioll001,Giolito,Lucas,R,R,CHA,P
goldb001,Goldberg,Brad,R,R,CHA,P
gonzm003,Gonzalez,Miguel,R,R,CHA,P
hansa001,Hanson,Alen,B,R,CHA,SS
holld003,Holland,Derek,B,L,CHA,P
holmd002,Holmberg,David,R,L,CHA,P
infag001,Infante,Gregory,R,R,CHA,P
jennd003,Jennings,Dan,L,L,CHA,P
jonen001,Jones,Nate,R,R,CHA,P
kahnt001,Kahnle,Tommy,R,R,CHA,P
lirir001,Liriano,Rymer,R,R,CHA,OF
loper003,Lopez,Reynaldo,R,R,CHA,P
may-j001,May,Jacob,B,R,CHA,OF
minaj001,Minaya,Juan,R,R,CHA,P
moncy001,Moncada,Yoan,B,R,CHA,3B
narvo001,Narvaez,Omar,L,R,CHA,C
pelfm001,Pelfrey,Mike,R,R,CHA,P
petrj001,Petricka,Jake,R,R,CHA,P
putnz001,Putnam,Zach,R,R,CHA,P
quinj001,Quintana,Jose,R,L,CHA,P
robed002,Robertson,David,R,R,CHA,P
rodoc001,Rodon,Carlos,L,L,CHA,P
salat001,Saladino,Tyler,R,R,CHA,3B
sancc001,Sanchez,Yolmer,B,R,CHA,2B
shiej002,Shields,James,R,R,CHA,P
smitk002,Smith,Kevan,R,R,CHA,C
sotog001,Soto,Geovany,L,L,CHA,C
swara001,Swarzak,Anthony,R,R,CHA,P
volsc001,Volstad,Chris,R,R,CHA,P
ynoam001,Ynoa,Michael,R,R,CHA,P
almoa002,Almora,Albert,R,R,CHN,OF
andeb004,Anderson,Brett,L,L,CHN,P
arrij001,Arrieta,Jake,R,R,CHN,P
avila001,Avila,Alex,L,R,CHN,C
baezj001,Baez,Javier,R,R,CHN,2B
bryak001,Bryant,Kris,R,R,CHN,3B
butle001,Butler,Eddie,R,R,CHN,P
candj002,Candelario,Jeimer,B,R,CHN,3B
carav001,Caratini,Victor,B,R,CHN,C
contw001,Contreras,Willson,R,R,CHN,C
davit004,Davis,Taylor,R,R,CHN,C
daviw001,Davis,Wade,R,R,CHN,P
duenb001,Duensing,Brian,L,L,CHN,P
edwac001,Edwards,Carl,R,R,CHN,P
flord002,Floro,Dylan,L,R,CHN,P
frans001,Frankoff,Seth,R,R,CHN,P
freem002,Freeman,Mike,L,R,CHN,1B
grimj002,Grimm,Justin,R,R,CHN,P
happi001,Happ,Ian,B,R,CHN,2B
hendk001,Hendricks,Kyle,R,R,CHN,P
heywj001,Heyward,Jason,L,L,CHN,OF
jay-j001,Jay,Jon,L,L,CHN,OF
johnp001,Johnson,Pierce,R,R,CHN,P
lackj001,Lackey,John,R,R,CHN,P
lastt001,La Stella,Tommy,L,R,CHN,2B
leatj001,Leathersich,Jack,R,L,CHN,P
lestj001,Lester,Jon,L,L,CHN,P
mapld001,Maples,Dillon,R,R,CHN,P
martl004,Martin,Leonys,L,R,CHN,OF
montm001,Montero,Miguel,L,R,CHN,C
montm002,Montgomery,Mike,L,L,CHN,P
penaf002,Pena,Felix,R,R,CHN,P
quinj001,Quintana,Jose,R,L,CHN,P
river003,Rivera,Rene,R,R,CHN,C
rizza001,Rizzo,Anthony,L,L,CHN,1B
rondh001,Rondon,Hector,R,R,CHN,P
rossz001,Rosscup,Zac,R,L,CHN,P
russa002,Russell,Addison,R,R,CHN,2B
schwk001,Schwarber,Kyle,L,R,CHN,OF
strop001,Strop,Pedro,R,R,CHN,P
szczm001,Szczur,Matt,R,R,CHN,OF
tsenj001,Tseng,Jen-Ho,L,R,CHN,P
uehak001,Uehara,Koji,R,R,CHN,P
wilsj004,Wilson,Justin,L,L,CHN,P
zagum002,Zagunis,Mark,R,R,CHN,OF
zastr001,Zastryzny,Rob,R,L,CHN,P
zobrb001,Zobrist,Ben,B,R,CHN,2B
adlet001,Adleman,Tim,R,R,CIN,P
alcaa001,Alcantara,Arismendy,B,R,CIN,OF
arrob001,Arroyo,Bronson,R,R,CIN,P
astib001,Astin,Barrett,R,R,CIN,P
bailh001,Bailey,Homer,R,R,CIN,P
barnt001,Barnhart,Tucker,B,R,CIN,C
bonil001,Bonilla,Lisalverto,B,R,CIN,P
brica001,Brice,Austin,R,R,CIN,P
buchj001,Buchanan,Jake,R,R,CIN,P
castl003,Castillo,Luis,R,R,CIN,P
chaca001,Chacin,Alejandro,R,R,CIN,P
cingt001,Cingrani,Tony,L,L,CIN,P
cozaz001,Cozart,Zack,R,R,CIN,SS
davir004,Davis,Rookie,R,R,CIN,P
duvaa001,Duvall,Adam,R,R,CIN,OF
ervip001,Ervin,Phillip,R,R,CIN,OF
farrl001,Farrell,Luke,R,R,CIN,P
felds001,Feldman,Scott,L,R,CIN,P
finnb001,Finnegan,Brandon,L,L,CIN,P
garra001,Garrett,Amir,R,L,CIN,P
genns001,Gennett,Scooter,L,R,CIN,2B
hamib001,Hamilton,Billy,B,R,CIN,OF
herna004,Hernandez,Ariel,R,R,CIN,P
igler001,Iglesias,Raisel,R,R,CIN,P
kivlp001,Kivlehan,Patrick,R,R,CIN,3B
lorem002,Lorenzen,Michael,R,R,CIN,P
mahlt001,Mahle,Tyler,R,R,CIN,P
mcgud001,McGuire,Deck,R,R,CIN,P
mellk001,Mella,Keury,R,R,CIN,P
mesod001,Mesoraco,Devin,R,R,CIN,C
peraj003,Peraza,Jose,R,R,CIN,2B
peraw002,Peralta,Wandy,L,L,CIN,P
reedc002,Reed,Cody,L,L,CIN,P
romas001,Romano,Sal,L,R,CIN,P
sches001,Schebler,Scott,L,R,CIN,OF
shack001,Shackelford,Kevin,R,R,CIN,P
stepj002,Stephens,Jackson,R,R,CIN,P
stepr002,Stephenson,Robert,R,R,CIN,P
stord001,Storen,Drew,B,R,CIN,P
suare001,Suarez,Eugenio,R,R,CIN,SS
turns002,Turner,Stuart,R,R,CIN,C
vincz001,Vincej,Zach,R,R,CIN,SS
vottj001,Votto,Joey,L,R,CIN,1B
wallc001,Wallach,Chad,R,R,CIN,C
winkj002,Winker,Jesse,L,L,CIN,P
wojca001,Wojciechowski,Asher,R,R,CIN,P
woodb004,Wood,Blake,R,R,CIN,P
allec002,Allen,Cody,R,R,CLE,P
alleg002,Allen,Greg,B,R,CLE,OF
almoa001,Almonte,Abraham,B,R,CLE,OF
armss001,Armstrong,Shawn,R,R,CLE,P
bauet001,Bauer,Trevor,R,R,CLE,P
branm003,Brantley,Michael,L,L,CLE,OF
bresc001,Breslow,Craig,L,L,CLE,P
brucj001,Bruce,Jay,L,L,CLE,OF
carrc003,Carrasco,Carlos,R,R,CLE,P
chisl001,Chisenhall,Lonnie,L,R,CLE,OF
clevm001,Clevinger,Mike,R,R,CLE,P
crock001,Crockett,Kyle,L,L,CLE,P
diazy001,Diaz,Yandy,R,R,CLE,OF
encae001,Encarnacion,Edwin,R,R,CLE,DH
gomey001,Gomes,Yan,R,R,CLE,C
gonze004,Gonzalez,Erik,R,R,CLE,SS
goodn001,Goody,Nick,R,R,CLE,P
guyeb001,Guyer,Brandon,R,R,CLE,OF
jacka001,Jackson,Austin,R,R,CLE,OF
kipnj001,Kipnis,Jason,L,R,CLE,2B
klubc001,Kluber,Corey,R,R,CLE,P
lindf001,Lindor,Francisco,B,R,CLE,SS
logab001,Logan,Boone,R,L,CLE,P
martm003,Martinez,Michael,B,R,CLE,OF
mcalz001,McAllister,Zach,R,R,CLE,P
mejif001,Mejia,Francisco,B,R,CLE,C
merrr001,Merritt,Ryan,L,L,CLE,P
milla002,Miller,Andrew,L,L,CLE,P
naqut001,Naquin,Tyler,L,R,CLE,OF
olsot002,Olson,Tyler,R,L,CLE,P
oterd001,Otero,Dan,R,R,CLE,P
perer003,Perez,Roberto,R,R,CLE,C
ramij003,Ramirez,Jose,B,R,CLE,SS
robed003,Robertson,Daniel,R,R,CLE,OF
salad001,Salazar,Danny,L,R,CLE,P
santc002,Santana,Carlos,B,R,CLE,1B
shawb001,Shaw,Bryan,B,R,CLE,P
smitj002,Smith,Joe,R,R,CLE,P
tomlj001,Tomlin,Josh,R,R,CLE,P
urshg001,Urshela,Giovanny,R,R,CLE,3B
zimmb001,Zimmer,Bradley,L,R,CLE,OF
adamc001,Adames,Cristhian,B,R,COL,SS
amara001,Amarista,Alexi,L,R,COL,SS
andet002,Anderson,Tyler,L,L,COL,P
arenn001,Arenado,Nolan,R,R,COL,3B
bettc001,Bettis,Chad,R,R,COL,P
blacc001,Blackmon,Charlie,L,L,COL,OF
cards001,Cardullo,Stephen,R,R,COL,OF
carls002,Carle,Shane,R,R,COL,P
chatt001,Chatwood,Tyler,R,R,COL,P
desmi001,Desmond,Ian,R,R,COL,SS
diazj006,Diaz,Jairo,R,R,COL,P
dunnm002,Dunn,Michael,L,L,COL,P
estec001,Estevez,Carlos,R,R,COL,P
freek001,Freeland,Kyle,L,L,COL,P
garnd001,Garneau,Dustin,R,R,COL,C
gonzc001,Gonzalez,Carlos,L,L,COL,OF
grayj003,Gray,Jon,R,R,COL,P
hanir001,Hanigan,Ryan,R,R,COL,C
hoffj003,Hoffman,Jeff,R,R,COL,P
hollg001,Holland,Greg,R,R,COL,P
lemad001,LeMahieu,DJ,R,R,COL,2B
lucrj001,Lucroy,Jonathan,R,R,COL,C
lylej001,Lyles,Jordan,R,R,COL,P
marqg001,Marquez,German,R,R,COL,P
mcgej001,McGee,Jake,L,L,COL,P
mcmar001,McMahon,Ryan,L,R,COL,3B
murpt002,Murphy,Tom,R,R,COL,C
neshp001,Neshek,Pat,B,R,COL,P
obers001,Oberg,Scott,R,R,COL,P
ottaa001,Ottavino,Adam,L,R,COL,P
qualc001,Qualls,Chad,R,R,COL,P
parrg001,Parra,Gerardo,L,L,COL,OF
reynm001,Reynolds,Mark,R,R,COL,1B
rossz001,Rosscup,Zac,R,L,COL,P
rusic001,Rusin,Chris,L,L,COL,P
senza001,Senzatela,Antonio,R,R,COL,P
stort001,Story,Trevor,R,R,COL,SS
tapir001,Tapia,Raimel,L,L,COL,OF
taucm001,Tauchman,Mike,L,L,COL,OF
valap001,Valaika,Pat,R,R,COL,SS
woltt001,Wolters,Tony,L,R,COL,C
adduj002,Adduci,Jim,L,L,DET,OF
alcav001,Alcantara,Victor,R,R,DET,P
avila001,Avila,Alex,L,R,DET,C
bellc003,Bell,Chad,R,L,DET,P
boydm001,Boyd,Matt,L,L,DET,P
cabrm001,Cabrera,Miguel,R,R,DET,1B
candj002,Candelario,Jeimer,B,R,DET,3B
castn001,Castellanos,Nick,R,R,DET,3B
collt002,Collins,Tyler,L,L,DET,OF
cuevw001,Cuevas,William,R,R,DET,P
dendm001,den Dekker,Matt,L,L,DET,OF
farmb001,Farmer,Buck,L,R,DET,P
ferrj001,Ferrell,Jeff,R,R,DET,P
fulmm001,Fulmer,Michael,R,R,DET,P
grees005,Greene,Shane,R,R,DET,P
hardb001,Hardy,Blaine,L,L,DET,P
hickj001,Hicks,John,R,R,DET,C
holab001,Holaday,Bryan,R,R,DET,C
iglej001,Iglesias,Jose,R,R,DET,SS
jayem001,Jaye,Myles,B,R,DET,P
jimej003,Jimenez,Joe,R,R,DET,P
jonej006,Jones,JaCoby,R,R,DET,3B
kinsi001,Kinsler,Ian,R,R,DET,2B
laboj001,Labourt,Jairo,L,L,DET,P
leona002,Leon,Arcenio,R,R,DET,P
lewia001,Lewicki,Artie,R,R,DET,P
machd001,Machado,Dixon,R,R,DET,SS
mahtm001,Mahtook,Mikie,R,R,DET,OF
martj006,Martinez,J.D.,R,R,DET,OF
martv001,Martinez,Victor,B,R,DET,DH
mccaj001,McCann,James,R,R,DET,C
mujie001,Mujica,Edward,R,R,DET,P
navae001,Navarro,Efren,L,L,DET,1B
norrd002,Norris,Daniel,L,L,DET,P
presa001,Presley,Alex,L,L,DET,OF
reinz001,Reininger,Zac,B,R,DET,P
rodrf003,Rodriguez,Francisco,R,R,DET,P
romia001,Romine,Andrew,B,R,DET,3B
rondb001,Rondon,Bruce,R,R,DET,P
ryank002,Ryan,Kyle,L,L,DET,P
sanca004,Sanchez,Anibal,R,R,DET,P
saupw001,Saupold,Warwick,R,R,DET,P
stumd001,Stumpf,Daniel,L,L,DET,P
uptoj001,Upton,Justin,R,R,DET,OF
verhd001,VerHagen,Drew,R,R,DET,P
verlj001,Verlander,Justin,R,R,DET,P
wilsa001,Wilson,Alex,R,R,DET,P
wilsj004,Wilson,Justin,L,L,DET,P
zimmj003,Zimmermann,Jordan,R,R,DET,P
altuj001,Altuve,Jose,R,R,HOU,2B
aokin001,Aoki,Nori,L,R,HOU,OF
beltc001,Beltran,Carlos,B,R,HOU,OF
brega001,Bregman,Alex,R,R,HOU,SS
centj001,Centeno,Juan,L,R,HOU,C
clipt001,Clippard,Tyler,R,R,HOU,P
corrc001,Correa,Carlos,R,R,HOU,SS
davij006,Davis,J.D.,R,R,HOU,3B
devec001,Devenski,Chris,R,R,HOU,P
diazd001,Diaz,Dayan,R,R,HOU,P
felim001,Feliz,Michael,R,R,HOU,P
fierm001,Fiers,Michael,R,R,HOU,P
fishd001,Fisher,Derek,L,R,HOU,OF
gatte001,Gattis,Evan,R,R,HOU,C
gilek001,Giles,Ken,R,R,HOU,P
gonzm002,Gonzalez,Marwin,B,R,HOU,1B
gregl001,Gregerson,Luke,L,R,HOU,P
gudur001,Guduan,Reymin,L,L,HOU,P
gurry001,Gurriel,Yulieski,R,R,HOU,3B
gustj001,Gustave,Jandel,R,R,HOU,P
harrw002,Harris,Will,R,R,HOU,P
hernt002,Hernandez,Teoscar,R,R,HOU,OF
hoytj001,Hoyt,James,R,R,HOU,P
jankj001,Jankowski,Jordan,R,R,HOU,P
kempt001,Kemp,Tony,L,R,HOU,OF
keucd001,Keuchel,Dallas,L,L,HOU,P
lirif001,Liriano,Francisco,L,L,HOU,P
marij002,Marisnick,Jake,R,R,HOU,OF
martf003,Martes,Francis,R,R,HOU,P
maybc001,Maybin,Cameron,R,R,HOU,OF
mccab002,McCann,Brian,L,R,HOU,C
mccul002,McCullers,Lance,L,R,HOU,P
mchuc001,McHugh,Collin,R,R,HOU,P
morac001,Moran,Colin,L,R,HOU,3B
mortc002,Morton,Charlie,R,R,HOU,P
musgj001,Musgrove,Joe,R,R,HOU,P
pauld002,Paulino,David,R,R,HOU,P
peacb001,Peacock,Brad,R,R,HOU,P
reddj001,Reddick,Josh,L,R,HOU,OF
reeda002,Reed,A.J.,L,L,HOU,1B
sippt001,Sipp,Tony,L,L,HOU,P
sprig001,Springer,George,R,R,HOU,OF
stasm001,Stassi,Max,R,R,HOU,C
tolla001,Tolliver,Ashur,L,L,HOU,P
verlj001,Verlander,Justin,R,R,HOU,P
whitt002,White,Tyler,R,R,HOU,1B
albua001,Alburquerque,Al,R,R,KCA,P
alexs001,Alexander,Scott,L,L,KCA,P
almom001,Almonte,Miguel,R,R,KCA,P
bonij002,Bonifacio,Jorge,R,R,KCA,OF
buchr001,Buchter,Ryan,L,L,KCA,P
burnb002,Burns,Billy,B,R,KCA,OF
buted001,Butera,Drew,R,R,KCA,C
cabrm002,Cabrera,Melky,B,L,KCA,OF
cahit001,Cahill,Trevor,R,R,KCA,P
cainl001,Cain,Lorenzo,R,R,KCA,OF
coloc002,Colon,Christian,R,R,KCA,SS
cuthc001,Cuthbert,Cheslor,R,R,KCA,3B
duffd001,Duffy,Danny,L,L,KCA,P
escoa003,Escobar,Alcides,R,R,KCA,SS
farrl001,Farrell,Luke,R,R,KCA,P
felin001,Feliz,Neftali,R,R,KCA,P
flynb001,Flynn,Brian,L,L,KCA,P
gallc001,Gallagher,Cam,R,R,KCA,C
garco001,Garcia,Onelki,L,L,KCA,P
gavis001,Gaviglio,Sam,R,R,KCA,P
gorda001,Gordon,Alex,L,R,KCA,OF
goret001,Gore,Terrance,R,R,KCA,OF
hammj002,Hammel,Jason,R,R,KCA,P 
herrk001,Herrera,Kelvin,R,R,KCA,P 
hosme001,Hosmer,Eric,L,L,KCA,1B
junij001,Junis,Jake,R,R,KCA,P
karnn001,Karns,Nathan,R,R,KCA,P
kenni001,Kennedy,Ian,R,R,KCA,P 
macha003,Machado,Andres,R,R,KCA,P
manes001,Maness,Seth,R,R,KCA,P
maurb001,Maurer,Brandon,R,R,KCA,P
mccak002,McCarthy,Kevin,R,R,KCA,P
merrw001,Merrifield,Whit,R,R,KCA,OF
minom001,Minor,Mike,R,L,KCA,P 
mondr003,Mondesi,Raul,B,R,KCA,SS
morim002,Morin,Mike,R,R,KCA,P
mossb001,Moss,Brandon,L,R,KCA,OF
mousm001,Moustakas,Mike,L,R,KCA,3B
moylp001,Moylan,Peter,R,R,KCA,P
orlap001,Orlando,Paulo,R,R,KCA,OF
peres002,Perez,Salvador,R,R,KCA,C
skoge001,Skoglund,Eric,L,L,KCA,P
solej001,Soler,Jorge,R,R,KCA,OF
sorij001,Soria,Joakim,R,R,KCA,P
stram001,Strahm,Matt,R,L,KCA,P
torrr002,Torres,Ramon,B,R,KCA,SS
vargj001,Vargas,Jason,L,L,KCA,P
woodt004,Wood,Travis,R,L,KCA,P
younc003,Young,Chris,R,R,KCA,P
avill001,Avilan,Luis,L,L,LAN,P 
baezp001,Baez,Pedro,R,R,LAN,P 
barna001,Barnes,Austin,R,R,LAN,C 
bellc002,Bellinger,Cody,L,L,LAN,1B
buehw001,Buehler,Walker,R,R,LAN,P
castf003,Castillo,Fabio,R,R,LAN,P
cingt001,Cingrani,Tony,L,L,LAN,P
culbc001,Culberson,Charlie,R,R,LAN,3B
darvy001,Darvish,Yu,R,R,LAN,P
daytg001,Dayton,Grant,L,L,LAN,P
dicko001,Dickson,O'Koyea,R,R,LAN,OF
eibnb001,Eibner,Brett,R,R,LAN,OF
ethia001,Ethier,Andre,L,L,LAN,OF
farmk001,Farmer,Kyle,R,R,LAN,C
fielj002,Fields,Josh,R,R,LAN,P
fontw001,Font,Wilmer,R,R,LAN,P
forsl001,Forsythe,Logan,R,R,LAN,2B
freem002,Freeman,Mike,L,R,LAN,1B
gonza003,Gonzalez,Adrian,L,L,LAN,1B
grany001,Grandal,Yasmani,B,R,LAN,C 
granc001,Granderson,Curtis,L,R,LAN,OF
gutif001,Gutierrez,Franklin,R,R,LAN,OF
hatcc002,Hatcher,Chris,B,R,LAN,P
herne001,Hernandez,Enrique,R,R,LAN,OF
hillr001,Hill,Rich,L,L,LAN,P
jansk001,Jansen,Kenley,B,R,LAN,P
kersc001,Kershaw,Clayton,L,L,LAN,P
libea001,Liberatore,Adam,L,L,LAN,P
locat001,Locastro,Tim,R,R,LAN,2B
maedk001,Maeda,Kenta,R,R,LAN,P
mccab001,McCarthy,Brandon,R,R,LAN,P
morrb001,Morrow,Brandon,R,R,LAN,P
paree002,Paredes,Edward,L,L,LAN,P
pedej001,Pederson,Joc,L,L,LAN,OF
puigy001,Puig,Yasiel,R,R,LAN,OF
ravij001,Ravin,Josh,R,R,LAN,P 
romos001,Romo,Sergio,R,R,LAN,P
ryu-h001,Ryu,Hyun-Jin,R,L,LAN,P
seagc001,Seager,Corey,L,R,LAN,SS
seger001,Segedin,Rob,R,R,LAN,OF
stewb001,Stewart,Brock,L,R,LAN,P
strir001,Stripling,Ross,R,R,LAN,P
taylc001,Taylor,Chris,R,R,LAN,SS
thomt002,Thompson,Trayce,R,R,LAN,OF
tolea001,Toles,Andrew,L,R,LAN,OF
turnj001,Turner,Justin,R,R,LAN,3B
uriaj001,Urias,Julio,L,L,LAN,P
utlec001,Utley,Chase,L,R,LAN,2B
vanss001,Van Slyke,Scott,R,R,LAN,OF
verda001,Verdugo,Alex,L,L,LAN,OF
watst001,Watson,Tony,L,L,LAN,P
wooda002,Wood,Alex,R,L,LAN,P
andeb006,Anderson,Brian,R,R,MIA,3B
avilm001,Aviles,Mike,R,R,MIA,OF
barrk002,Barraclough,Kyle,R,R,MIA,P
bourj002,Bour,Justin,L,R,MIA,1B
cervh001,Cervenka,Hunter,L,L,MIA,P
chenw001,Chen,Wei-Yin,L,L,MIA,P
coloc002,Colon,Christian,R,R,MIA,SS
conla001,Conley,Adam,L,L,MIA,P
despo001,Despaigne,Odrisamer,R,R,MIA,P
dietd001,Dietrich,Derek,L,R,MIA,OF
ellib001,Ellington,Brian,R,R,MIA,P
ellia001,Ellis,A.J.,R,R,MIA,C
garcj006,Garcia,Jarlin,L,L,MIA,P
gordd002,Gordon,Dee,L,R,MIA,2B
guerj002,Guerra,Javy,R,R,MIA,P
hecha001,Hechavarria,Adeiny,R,R,MIA,SS
koeht001,Koehler,Tom,R,R,MIA,P
lockj001,Locke,Jeff,L,L,MIA,P
lombs002,Lombardozzi,Steve,B,R,MIA,2B
mcgod001,McGowan,Dustin,R,R,MIA,P
moort002,Moore,Tyler,R,R,MIA,1B
nicoj001,Nicolino,Justin,L,L,MIA,P
ograc001,O'Grady,Chris,R,L,MIA,P
ozunm001,Ozuna,Marcell,R,R,MIA,OF
peted001,Peters,Dillon,L,L,MIA,P
pheld001,Phelps,David,R,R,MIA,P
pradm001,Prado,Martin,R,R,MIA,3B
ramoa001,Ramos,A.J.,R,R,MIA,P
realj001,Realmuto,J.T.,R,R,MIA,C
riddj001,Riddle,J.T.,L,R,MIA,SS
rojam002,Rojas,Miguel,R,R,MIA,SS
stanm004,Stanton,Giancarlo,R,R,MIA,OF
stecd001,Steckenrider,Drew,R,R,MIA,P
strad003,Straily,Dan,R,R,MIA,P
suzui001,Suzuki,Ichiro,L,R,MIA,OF
tazaj001,Tazawa,Junichi,R,R,MIA,P
telit001,Telis,Tomas,B,R,MIA,C 
urenj001,Urena,Jose,R,R,MIA,P 
volqe001,Volquez,Edinson,R,R,MIA,P
wittn001,Wittgren,Nick,R,R,MIA,P
worlv001,Worley,Vance,R,R,MIA,P
yelic001,Yelich,Christian,L,R,MIA,OF
ziegb001,Ziegler,Brad,R,R,MIA,P
aguij001,Aguilar,Jesus,R,R,MIL,1B
andec001,Anderson,Chase,R,R,MIL,P
arcio002,Arcia,Orlando,R,R,MIL,SS
bandj001,Bandy,Jett,R,R,MIL,C
barnj002,Barnes,Jacob,R,R,MIL,P
berrq001,Berry,Quintin,L,L,MIL,OF
blazm001,Blazek,Michael,R,R,MIL,P
braur002,Braun,Ryan,R,R,MIL,OF
brinl001,Brinson,Lewis,R,R,MIL,OF
broxk001,Broxton,Keon,R,R,MIL,OF
daviz001,Davies,Zach,R,R,MIL,P
drako001,Drake,Oliver,R,R,MIL,P
espip001,Espino,Paolo,R,R,MIL,P
felin001,Feliz,Neftali,R,R,MIL,P
frann001,Franklin,Nick,B,R,MIL,2B
garzm001,Garza,Matt,R,R,MIL,P
gofod001,Goforth,David,R,R,MIL,P
guerj003,Guerra,Junior,R,R,MIL,P
hadej001,Hader,Josh,L,L,MIL,P
hughj001,Hughes,Jared,R,R,MIL,P
jeffj001,Jeffress,Jeremy,R,R,MIL,P
jungt001,Jungmann,Taylor,R,R,MIL,P
knebc001,Knebel,Corey,R,R,MIL,P
lopej004,Lopez,Jorge,R,R,MIL,P
marij001,Marinez,Jhan,R,R,MIL,P
milot001,Milone,Tom,L,L,MIL,P
nelsj004,Nelson,Jimmy,R,R,MIL,P
nieuk001,Nieuwenhuis,Kirk,L,R,MIL,OF
peraw001,Peralta,Wily,R,R,MIL,P 
pereh001,Perez,Hernan,R,R,MIL,3B
philb002,Phillips,Brett,L,R,MIL,OF
pinam001,Pina,Manny,R,R,MIL,C
rivey001,Rivera,Yadiel,R,R,MIL,2B
santd002,Santana,Domingo,R,R,MIL,OF
scahr001,Scahill,Rob,L,R,MIL,P
shawt001,Shaw,Travis,L,R,MIL,1B
sogae001,Sogard,Eric,L,R,MIL,2B
susaa001,Susac,Andrew,R,R,MIL,C
suteb001,Suter,Brent,L,L,MIL,P
swara001,Swarzak,Anthony,R,R,MIL,P
thame001,Thames,Eric,L,R,MIL,OF
torrc001,Torres,Carlos,R,R,MIL,P
villj001,Villar,Jonathan,B,R,MIL,SS
vogts001,Vogt,Stephen,L,R,MIL,C
walkn001,Walker,Neil,B,R,MIL,2B
wangw001,Wang,Wei-Chung,L,L,MIL,P
webbt001,Webb,Tyler,R,L,MIL,P
wilka003,Wilkerson,Aaron,R,R,MIL,P
willt003,Williams,Taylor,B,R,MIL,P
woodb005,Woodruff,Brandon,L,R,MIL,P
adrie001,Adrianza,Ehire,B,R,MIN,2B
belim001,Belisle,Matt,R,R,MIN,P
berrj001,Berrios,Jose,R,R,MIN,P
boshb001,Boshers,Buddy,L,L,MIN,P
bresc001,Breslow,Craig,L,L,MIN,P
busea001,Busenitz,Alan,R,R,MIN,P
buxtb001,Buxton,Byron,R,R,MIN,OF
castj006,Castro,Jason,L,R,MIN,C
colob001,Colon,Bartolo,R,R,MIN,P
curtj003,Curtiss,John,R,R,MIN,P
dozib001,Dozier,Brian,R,R,MIN,2B
dufft001,Duffey,Tyler,R,R,MIN,P 
ennsd001,Enns,Dietrich,L,L,MIN,P
escoe001,Escobar,Eduardo,B,R,MIN,SS
garcj004,Garcia,Jaime,L,L,MIN,P
garvm001,Garver,Mitch,R,R,MIN,C
gibsk002,Gibson,Kyle,R,R,MIN,P
gee-d001,Gee,Dillon,R,R,MIN,P
gimec001,Gimenez,Chris,R,R,MIN,C
goodn002,Goodrum,Niko,B,R,MIN,OF
granz001,Granite,Zack,L,L,MIN,OF
grosr001,Grossman,Robbie,B,L,MIN,OF
halej001,Haley,Justin,R,R,MIN,P
hestc001,Heston,Chris,R,R,MIN,P
hildt001,Hildenberger,Trevor,R,R,MIN,P
hughp001,Hughes,Phil,R,R,MIN,P
jorgf001,Jorge,Felix,R,R,MIN,P
keplm001,Kepler,Max,L,L,MIN,OF
kintb001,Kintzler,Brandon,R,R,MIN,P
mauej001,Mauer,Joe,L,R,MIN,1B
mejia001,Mejia,Adalberto,R,L,MIN,P
melvt001,Melville,Tim,R,R,MIN,P
moyag001,Moya,Gabriel,L,L,MIN,P
perkg001,Perkins,Glen,L,L,MIN,P
polaj001,Polanco,Jorge,B,R,MIN,SS
presr001,Pressly,Ryan,R,R,MIN,P 
roget001,Rogers,Taylor,L,L,MIN,P
rosae001,Rosario,Eddie,L,R,MIN,OF
rosar002,Rosario,Randy,L,L,MIN,P
rucid001,Rucinski,Drew,R,R,MIN,P
sanom001,Sano,Miguel,R,R,MIN,DH
santd001,Santana,Danny,B,R,MIN,OF
sante001,Santana,Ervin,R,R,MIN,P
santh001,Santiago,Hector,R,L,MIN,P
slega001,Slegers,Aaron,R,R,MIN,P
tepen001,Tepesch,Nick,R,R,MIN,P
tonkm001,Tonkin,Michael,R,R,MIN,P
turln001,Turley,Nik,L,L,MIN,P
vargk001,Vargas,Kennys,B,R,MIN,DH
wheej001,Wheeler,Jason,L,L,MIN,P
wilka001,Wilk,Adam,L,L,MIN,P
wimma001,Wimmers,Alex,L,R,MIN,P
andum001,Andujar,Miguel,R,R,NYA,3B
austt001,Austin,Tyler,R,R,NYA,OF
betad001,Betances,Dellin,R,R,NYA,P
birdg001,Bird,Greg,L,R,NYA,1B
cartc002,Carter,Chris,R,R,NYA,1B
casts001,Castro,Starlin,R,R,NYA,SS
cessl001,Cessa,Luis,R,R,NYA,P
chapa001,Chapman,Aroldis,L,L,NYA,P
choij001,Choi,Ji-Man,L,R,NYA,OF
clipt001,Clippard,Tyler,R,R,NYA,P
coopg002,Cooper,Garrett,R,R,NYA,1B
ellsj001,Ellsbury,Jacoby,L,L,NYA,OF
fowld002,Fowler,Dustin,L,L,NYA,OF
frazc001,Frazier,Clint,R,R,NYA,OF
frazt001,Frazier,Todd,R,R,NYA,3B
gallg001,Gallegos,Giovanny,R,R,NYA,P
garcj004,Garcia,Jaime,L,L,NYA,P
gardb001,Gardner,Brett,L,L,NYA,OF
germd001,German,Domingo,R,R,NYA,P
grays001,Gray,Sonny,R,R,NYA,P
greec003,Green,Chad,L,R,NYA,P
gregd001,Gregorius,Didi,L,R,NYA,SS
headc001,Headley,Chase,B,R,NYA,3B
hellb001,Heller,Ben,R,R,NYA,P
herrr001,Herrera,Ronald,R,R,NYA,P
hicka001,Hicks,Aaron,B,R,NYA,OF
higak001,Higashioka,Kyle,R,R,NYA,C
holdj002,Holder,Jonathan,R,R,NYA,P
hollm001,Holliday,Matt,R,R,NYA,OF
judga001,Judge,Aaron,R,R,NYA,OF
kahnt001,Kahnle,Tommy,R,R,NYA,P
krate001,Kratz,Erik,R,R,NYA,C
kozmp001,Kozma,Pete,R,R,NYA,SS
laynt001,Layne,Tom,L,L,NYA,P
mitcb001,Mitchell,Bryan,L,R,NYA,P
montj004,Montgomery,Jordan,L,L,NYA,P
pinem001,Pineda,Michael,R,R,NYA,P
refsr001,Refsnyder,Rob,R,R,NYA,2B
robed002,Robertson,David,R,R,NYA,P
romia002,Romine,Austin,R,R,NYA,C
sabac001,Sabathia,CC,L,L,NYA,P
sancg002,Sanchez,Gary,R,R,NYA,C
sevel001,Severino,Luis,R,R,NYA,P
shrec001,Shreve,Chasen,L,L,NYA,P
smitc006,Smith,Caleb,R,L,NYA,P
tanam001,Tanaka,Masahiro,R,R,NYA,P
torrr001,Torreyes,Ronald,R,R,NYA,2B
wadet002,Wade,Tyler,L,R,NYA,P
warra001,Warren,Adam,R,R,NYA,P
webbt001,Webb,Tyler,R,L,NYA,P
willm007,Williams,Mason,L,R,NYA,OF
aokin001,Aoki,Nori,L,R,NYN,OF
blevj001,Blevins,Jerry,L,L,NYN,P
bradc002,Bradford,Chasen,R,R,NYN,P
brucj001,Bruce,Jay,L,L,NYN,OF
cabra002,Cabrera,Asdrubal,B,R,NYN,SS
callj001,Callahan,Jamie,R,R,NYN,P
ceccg002,Cecchini,Gavin,R,R,NYN,SS
cespy001,Cespedes,Yoenis,R,R,NYN,OF
confm001,Conforto,Michael,L,R,NYN,OF
darnt001,d'Arnaud,Travis,R,R,NYN,C
degrj001,deGrom,Jacob,L,R,NYN,P 
dudal001,Duda,Lucas,L,R,NYN,1B
edgij001,Edgin,Josh,R,L,NYN,P
evanp001,Evans,Phillip,R,R,NYN,3B
famij001,Familia,Jeurys,R,R,NYN,P
flexc001,Flexen,Chris,R,R,NYN,P
florw001,Flores,Wilmer,R,R,NYN,SS
gilms001,Gilmartin,Sean,L,L,NYN,P 
goede001,Goeddel,Erik,R,R,NYN,P 
granc001,Granderson,Curtis,L,R,NYN,OF
gselr001,Gsellman,Robert,R,R,NYN,P
harvm001,Harvey,Matt,R,R,NYN,P
kellt001,Kelly,Ty,B,R,NYN,2B
lagaj001,Lagares,Juan,R,R,NYN,OF
lugos001,Lugo,Seth,R,R,NYN,P
matzs001,Matz,Steven,R,L,NYN,P
mcgok001,McGowan,Kevin,R,R,NYN,P
milot001,Milone,Tom,L,L,NYN,P
montr004,Montero,Rafael,R,R,NYN,P
nidot001,Nido,Tomas,R,R,NYN,C
nimmb001,Nimmo,Brandon,L,R,NYN,OF
pillt001,Pill,Tyler,L,R,NYN,P
plawk001,Plawecki,Kevin,R,R,NYN,C
ramin001,Ramirez,Neil,R,R,NYN,P
ramoa001,Ramos,A.J.,R,R,NYN,P
reeda001,Reed,Addison,L,R,NYN,P
reyej001,Reyes,Jose,B,R,NYN,SS
reynm003,Reynolds,Matt,R,R,NYN,SS
rhamj001,Rhame,Jacob,R,R,NYN,P
river003,Rivera,Rene,R,R,NYN,C
rivet001,Rivera,T.J.,R,R,NYN,3B
roblh001,Robles,Hansel,R,R,NYN,P
rosaa003,Rosario,Amed,R,R,NYN,SS
salaf001,Salas,Fernando,R,R,NYN,P
sewap001,Sewald,Paul,R,R,NYN,P
smitd008,Smith,Dominic,L,L,NYN,1B
smokj001,Smoker,Josh,L,L,NYN,P
syndn001,Syndergaard,Noah,L,R,NYN,P
taijt001,Taijeron,Travis,R,R,NYN,OF
walkn001,Walker,Neil,B,R,NYN,2B
wheez001,Wheeler,Zack,L,R,NYN,P
wilka001,Wilk,Adam,L,L,NYN,P
alcar001,Alcantara,Raul,R,R,OAK,P
alony001,Alonso,Yonder,L,R,OAK,1B
axfoj001,Axford,John,R,R,OAK,P
barrf001,Barreto,Franklin,R,R,OAK,SS
blacp001,Blackburn,Paul,R,R,OAK,P
bradm002,Brady,Michael,R,R,OAK,P
brugj001,Brugman,Jaycob,L,L,OAK,OF
canhm001,Canha,Mark,R,R,OAK,1B
casts002,Castro,Simon,R,R,OAK,P
chapm001,Chapman,Matt,R,R,OAK,3B
cottj001,Cotton,Jharel,R,R,OAK,P
could001,Coulombe,Daniel,L,L,OAK,P
davik003,Davis,Khris,R,R,OAK,OF
davir003,Davis,Rajai,R,R,OAK,OF
deckj001,Decker,Jaff,L,L,OAK,OF
dools001,Doolittle,Sean,L,L,OAK,P
dullr001,Dull,Ryan,R,R,OAK,P
garcj002,Casilla,Santiago,R,R,OAK,P
garnd001,Garneau,Dustin,R,R,OAK,C
gossd001,Gossett,Daniel,R,R,OAK,P
gravk001,Graveman,Kendall,R,R,OAK,P
grays001,Gray,Sonny,R,R,OAK,P
hahnj001,Hahn,Jesse,R,R,OAK,P
hatcc002,Hatcher,Chris,B,R,OAK,P
healr001,Healy,Ryon,R,R,OAK,3B
hendl001,Hendriks,Liam,R,R,OAK,P
joycm001,Joyce,Matt,L,R,OAK,OF
lamar001,LaMarre,Ryan,R,L,OAK,OF
lavar001,Lavarnway,Ryan,R,R,OAK,C
lowrj001,Lowrie,Jed,B,R,OAK,3B
madsr001,Madson,Ryan,L,R,OAK,P
manas001,Manaea,Sean,L,L,OAK,P
maxwb001,Maxwell,Bruce,L,R,OAK,C
mengd001,Mengden,Daniel,R,R,OAK,P
molls001,Moll,Sam,L,L,OAK,P
montf001,Montas,Frankie,R,R,OAK,P
nealz001,Neal,Zach,R,R,OAK,P
nuner001,Nunez,Renato,R,R,OAK,3B
olsom001,Olson,Matt,L,R,OAK,OF
phegj001,Phegley,Josh,R,R,OAK,C
pindc001,Pinder,Chad,R,R,OAK,SS
plout001,Plouffe,Trevor,R,R,OAK,3B
poweb002,Powell,Boog,L,L,OAK,OF
rosaa001,Rosales,Adam,R,R,OAK,1B
semim001,Semien,Marcus,R,R,OAK,SS
smitc002,Smith,Chris,R,R,OAK,P
smitj004,Smith,Josh,R,R,OAK,P
smolj002,Smolinski,Jake,R,R,OAK,OF
treib001,Treinen,Blake,R,R,OAK,P
triga001,Triggs,Andrew,R,R,OAK,P
valdc003,Valdez,Cesar,R,R,OAK,P
vogts001,Vogt,Stephen,L,R,OAK,C
wahlb001,Wahl,Bobby,R,R,OAK,P
wendj002,Wendle,Joey,L,R,OAK,2B
alfaj002,Alfaro,Jorge,R,R,PHI,C
altha001,Altherr,Aaron,R,R,PHI,OF
alvah001,Alvarez,Henderson,R,R,PHI,P
anded003,Anderson,Drew,R,R,PHI,P
aranv001,Arano,Victor,R,R,PHI,P
beatp001,Beato,Pedro,R,R,PHI,P
benoj001,Benoit,Joaquin,R,R,PHI,P
blana001,Blanco,Andres,B,R,PHI,3B
buchc001,Buchholz,Clay,L,R,PHI,P 
crawj002,Crawford,J.P.,L,R,PHI,SS
curtz001,Curtis,Zac,L,L,PHI,P
eickj001,Eickhoff,Jerad,R,R,PHI,P
efliz001,Eflin,Zach,R,R,PHI,P
fienc001,Fien,Casey,R,R,PHI,P
florp001,Florimon,Pedro,B,R,PHI,SS
franm004,Franco,Maikel,R,R,PHI,3B
galvf001,Galvis,Freddy,B,R,PHI,SS
garcl005,Garcia,Luis,R,R,PHI,P 
gomej002,Gomez,Jeanmar,R,R,PHI,P
hellj001,Hellickson,Jeremy,R,R,PHI,P
hernc005,Hernandez,Cesar,B,R,PHI,2B
herro001,Herrera,Odubel,L,R,PHI,OF
hoskr001,Hoskins,Rhys,R,R,PHI,1B
joset001,Joseph,Tommy,R,R,PHI,1B
kellt001,Kelly,Ty,B,R,PHI,2B
kendh001,Kendrick,Howie,R,R,PHI,2B
kim-h001,Kim,Hyun Soo,L,R,PHI,OF
knapa001,Knapp,Andrew,B,R,PHI,C
leitm002,Leiter,Mark,R,R,PHI,P
liveb001,Lively,Ben,R,R,PHI,P
milnh001,Milner,Hoby,L,L,PHI,P
morga001,Morgan,Adam,L,L,PHI,P
navad002,Nava,Daniel,B,L,PHI,OF
nerih001,Neris,Hector,R,R,PHI,P
neshp001,Neshek,Pat,B,R,PHI,P
nicaj001,Nicasio,Juan,R,R,PHI,P
nolaa001,Nola,Aaron,R,R,PHI,P
perkc001,Perkins,Cameron,R,R,PHI,OF
pintr002,Pinto,Ricardo,R,R,PHI,P
piven001,Pivetta,Nick,R,R,PHI,P
ramoe002,Ramos,Edubray,R,R,PHI,P
riosy001,Rios,Yacksel,R,R,PHI,P
rodrj004,Rodriguez,Joely,L,L,PHI,P
ruppc001,Rupp,Cameron,R,R,PHI,C
saunm001,Saunders,Michael,L,R,PHI,OF
siegk001,Siegrist,Kevin,L,L,PHI,P
stasb001,Stassi,Brock,L,L,PHI,1B
therj001,Therrien,Jesen,R,R,PHI,P
thomj007,Thompson,Jake,R,R,PHI,P
velav001,Velasquez,Vincent,R,R,PHI,P
willn001,Williams,Nick,L,L,PHI,OF
barbj001,Barbato,John,R,R,PIT,P
basta001,Bastardo,Antonio,R,L,PIT,P
bellj005,Bell,Josh,B,R,PIT,1B
benoj001,Benoit,Joaquin,R,R,PIT,P
bormj001,Bormann,John,R,R,PIT,C
bostc001,Bostick,Chris,R,R,PIT,2B
braus002,Brault,Steven,L,L,PIT,P
cervf001,Cervelli,Francisco,R,R,PIT,C
coleg001,Cole,Gerrit,R,R,PIT,P
diaze005,Diaz,Elias,R,R,PIT,C
fraza001,Frazier,Adam,L,R,PIT,OF
freed001,Freese,David,R,R,PIT,3B
glast001,Glasnow,Tyler,L,R,PIT,P
gossp001,Gosselin,Phil,R,R,PIT,2B
hansa001,Hanson,Alen,B,R,PIT,SS
harrj002,Harrison,Josh,R,R,PIT,3B
hudsd001,Hudson,Daniel,R,R,PIT,P
jasoj001,Jaso,John,L,R,PIT,1B
kontg001,Kontos,George,R,R,PIT,P
kuhlc001,Kuhl,Chad,R,R,PIT,P
leatj001,Leathersich,Jack,R,L,PIT,P
leblw001,LeBlanc,Wade,L,L,PIT,P
lindj004,Lindblom,Josh,R,R,PIT,P
luplj001,Luplow,Jordan,R,R,PIT,OF
marij001,Marinez,Jhan,R,R,PIT,P
marts002,Marte,Starling,R,R,PIT,OF
mccua001,McCutchen,Andrew,R,R,PIT,OF
mercj002,Mercer,Jordy,R,R,PIT,SS
morom001,Moroff,Max,B,R,PIT,2B
neved001,Neverauskas,Dovydas,R,R,PIT,P
nicaj001,Nicasio,Juan,R,R,PIT,P
ngoeg001,Ngoepe,Gift,R,R,PIT,SS
novai001,Nova,Ivan,R,R,PIT,P
ortid002,Ortiz,Danny,L,L,PIT,OF
osunj001,Osuna,Jose,R,R,PIT,OF
polag001,Polanco,Gregory,L,L,PIT,OF
rivef001,Rivero,Felipe,L,L,PIT,P
rodrs002,Rodriguez,Sean,R,R,PIT,1B
runzd001,Runzler,Dan,L,L,PIT,P
sanca008,Sanchez,Angel,R,R,PIT,P
sante002,Santana,Edgar,R,R,PIT,P
schua001,Schugel,A.J.,R,R,PIT,P
stalj001,Stallings,Jacob,R,R,PIT,C
stewc001,Stewart,Chris,R,R,PIT,C
tailj001,Taillon,Jameson,R,R,PIT,P
watst001,Watson,Tony,L,L,PIT,P
willt002,Williams,Trevor,R,R,PIT,P
asuac001,Asuaje,Carlos,L,R,SDN,2B
aybae001,Aybar,Erick,B,R,SDN,SS
baumb001,Baumann,Buddy,L,L,SDN,P
bethc001,Bethancourt,Christian,R,R,SDN,C
blasj001,Blash,Jabari,R,R,SDN,OF
buchr001,Buchter,Ryan,L,L,SDN,P
cahit001,Cahill,Trevor,R,R,SDN,P
cappc001,Capps,Carter,R,R,SDN,P
chacj001,Chacin,Jhoulys,R,R,SDN,P
coled002,Coleman,Dusty,R,R,SDN,3B
cordf003,Cordero,Franchy,L,R,SDN,OF
corda001,Cordoba,Allen,R,R,SDN,SS
cosaj001,Cosart,Jarred,R,R,SDN,P
darnc001,d'Arnaud,Chase,R,R,SDN,SS
diazm004,Diaz,Miguel,R,R,SDN,P
eschj001,Esch,Jake,R,R,SDN,P
galer002,Gale,Rocky,R,R,SDN,C
handb001,Hand,Brad,L,L,SDN,P
hedga001,Hedges,Austin,R,R,SDN,C
jankt001,Jankowski,Travis,L,R,SDN,OF
lamed001,Lamet,Dinelson,R,R,SDN,P
lee-z001,Lee,Zach,R,R,SDN,P
lloyk001,Lloyd,Kyle,R,R,SDN,P
lylej001,Lyles,Jordan,R,R,SDN,P
margm001,Margot,Manuel,R,R,SDN,OF
matop002,Maton,Phil,R,R,SDN,P
maurb001,Maurer,Brandon,R,R,SDN,P
mazzc001,Mazzoni,Cory,R,R,SDN,P
mcgrk001,McGrath,Kyle,L,L,SDN,P
melvt001,Melville,Tim,R,R,SDN,P
myerw001,Myers,Wil,R,R,SDN,OF
overd001,Overton,Dillon,L,L,SDN,P
perdl002,Perdomo,Luis,R,R,SDN,P
pirej001,Pirela,Jose,R,R,SDN,2B
quack001,Quackenbush,Kevin,R,R,SDN,P
renfh001,Renfroe,Hunter,R,R,SDN,OF
richc002,Richard,Clayton,L,L,SDN,P
ruizj001,Ruiz,Jose,R,R,SDN,P
sanch002,Sanchez,Hector,B,R,SDN,C
sardl001,Sardinas,Luis,B,R,SDN,2B
schir001,Schimpf,Ryan,L,R,SDN,3B
solay001,Solarte,Yangervis,B,R,SDN,3B
spanc001,Spangenberg,Cory,L,R,SDN,2B
stamc001,Stammen,Craig,R,R,SDN,P 
szczm001,Szczur,Matt,R,R,SDN,OF
torrl001,Torrens,Luis,R,R,SDN,C
torrj001,Torres,Jose,L,L,SDN,P
valdj003,Valdez,Jose,R,R,SDN,P
villc002,Villanueva,Christian,R,R,SDN,3B
weavj003,Weaver,Jered,R,R,SDN,P
woodt004,Wood,Travis,R,L,SDN,P
yatek001,Yates,Kirby,L,R,SDN,P
albea001,Albers,Andrew,R,L,SEA,P
alony001,Alonso,Yonder,L,R,SEA,1B
altad001,Altavilla,Dan,R,R,SEA,P
beckg001,Beckham,Gordon,R,R,SEA,3B
bergc001,Bergman,Christian,R,R,SEA,P
canor001,Cano,Robinson,L,R,SEA,2B
cishs001,Cishek,Steve,R,R,SEA,P
cloyt001,Cloyd,Tyler,R,R,SEA,P
cruzn002,Cruz,Nelson,R,R,SEA,OF
curtz001,Curtis,Zac,L,L,SEA,P
dejoc001,De Jong,Chase,L,R,SEA,P
diaze006,Diaz,Edwin,R,R,SEA,P
dysoj001,Dyson,Jarrod,L,R,SEA,OF
espid001,Espinosa,Danny,B,R,SEA,2B
fienc001,Fien,Casey,R,R,SEA,P
freem002,Freeman,Mike,L,R,SEA,1B
gally001,Gallardo,Yovani,R,R,SEA,P
gameb001,Gamel,Ben,L,L,SEA,OF
gartr001,Garton,Ryan,R,R,SEA,P
gavis001,Gaviglio,Sam,R,R,SEA,P
gonzm005,Gonzales,Marco,L,L,SEA,P
goset001,Gosewisch,Tuffy,R,R,SEA,C
hanim001,Haniger,Mitch,R,R,SEA,OF
hannj002,Hannemann,Jacob,L,L,SEA,OF
hereg002,Heredia,Guillermo,R,L,SEA,OF
hernf002,Hernandez,Felix,R,R,SEA,P
hestc001,Heston,Chris,R,R,SEA,P
iwakh001,Iwakuma,Hisashi,R,R,SEA,P
lawrc001,Lawrence,Casey,R,R,SEA,P
leakm001,Leake,Mike,R,R,SEA,P
machj002,Machi,Jean,R,R,SEA,P
marjm001,Marjama,Mike,R,R,SEA,C
marse001,Marshall,Evan,R,R,SEA,P
martc008,Martin,Cody,R,R,SEA,P
martl004,Martin,Leonys,L,R,SEA,OF
miraa002,Miranda,Ariel,L,L,SEA,P
moora002,Moore,Andrew,R,R,SEA,P
mottt001,Motter,Taylor,R,R,SEA,OF
overd001,Overton,Dillon,L,L,SEA,P
pagae001,Pagan,Emilio,L,R,SEA,P
paxtj001,Paxton,James,L,L,SEA,P
pheld001,Phelps,David,R,R,SEA,P
povsm001,Povse,Max,R,R,SEA,P
poweb002,Powell,Boog,L,L,SEA,OF
pazoj001,Pazos,James,R,L,SEA,P
ramie004,Ramirez,Erasmo,R,R,SEA,P
ruizc001,Ruiz,Carlos,R,R,SEA,C
rzepm001,Rzepczynski,Marc,L,L,SEA,P
scrie001,Scribner,Evan,R,R,SEA,P
seagk001,Seager,Kyle,L,R,SEA,3B
seguj002,Segura,Jean,R,R,SEA,SS
simms001,Simmons,Shae,R,R,SEA,P
smitt002,Smith,Tyler,R,R,SEA,2B
valed001,Valencia,Danny,R,R,SEA,3B
vieit001,Vieira,Thyago,R,R,SEA,P
vincn001,Vincent,Nick,R,R,SEA,P
voged001,Vogelbach,Daniel,L,R,SEA,1B
weber001,Weber,Ryan,R,R,SEA,P
whalr001,Whalen,Rob,R,R,SEA,P
zunim001,Zunino,Mike,R,R,SEA,C
zycht001,Zych,Tony,R,R,SEA,P
arroc001,Arroyo,Christian,R,R,SFN,3B
beltb001,Belt,Brandon,L,L,SFN,1B
blact002,Blach,Ty,R,L,SFN,P
bumgm001,Bumgarner,Madison,R,L,SFN,P
cainm001,Cain,Matt,R,R,SFN,P 
calio001,Calixte,Orlando,R,R,SFN,SS
crawb001,Crawford,Brandon,L,R,SFN,SS
crick001,Crick,Kyle,L,R,SFN,P
cuetj001,Cueto,Johnny,R,R,SFN,P
dysos001,Dyson,Sam,R,R,SFN,P
fedet001,Federowicz,Tim,R,R,SFN,C
gearc001,Gearrin,Cory,R,R,SFN,P
gillc001,Gillaspie,Conor,L,R,SFN,1B
gomem002,Gomez,Miguel,B,R,SFN,3B
gomer002,Gomez,Roberto,B,R,SFN,P
herng001,Hernandez,Gorkys,R,R,SFN,OF
hilla001,Hill,Aaron,R,R,SFN,2B
hundn001,Hundley,Nick,R,R,SFN,C
hwanj001,Hwang,Jae-Gyun,R,R,SFN,3B
joner005,Jones,Ryder,L,R,SFN,3B
kontg001,Kontos,George,R,R,SFN,P
law-d001,Law,Derek,R,R,SFN,P
marrc001,Marrero,Chris,R,R,SFN,1B
melam001,Melancon,Mark,R,R,SFN,P
moncc001,Moncrief,Carlos,L,R,SFN,OF
moorm003,Moore,Matt,L,L,SFN,P
moror001,Moronta,Reyes,R,R,SFN,P
morrb002,Morris,Bryan,L,R,SFN,P
morsm001,Morse,Michael,R,R,SFN,1B
nunee002,Nunez,Eduardo,R,R,SFN,SS
okers001,Okert,Steven,L,L,SFN,P
osicj001,Osich,Josh,L,L,SFN,P
panij002,Panik,Joe,L,R,SFN,2B
parkj002,Parker,Jarrett,L,L,SFN,OF
pench001,Pence,Hunter,R,R,SFN,OF
poseb001,Posey,Buster,R,R,SFN,C
ramin001,Ramirez,Neil,R,R,SFN,P
ruggj001,Ruggiano,Justin,R,R,SFN,OF
samaj001,Samardzija,Jeff,R,R,SFN,P
sandp001,Sandoval,Pablo,B,R,SFN,3B
sland001,Slania,Dan,R,R,SFN,P
slata001,Slater,Austin,R,R,SFN,OF
spand001,Span,Denard,L,L,SFN,OF
strac001,Stratton,Chris,R,R,SFN,P
strih001,Strickland,Hunter,R,R,SFN,P
stubd001,Stubbs,Drew,R,R,SFN,OF
suara001,Suarez,Albert,R,R,SFN,P
tomlk001,Tomlinson,Kelby,R,R,SFN,2B
willm008,Williamson,Mac,R,R,SFN,OF
adamm002,Adams,Matt,L,R,SLN,1B
alcas001,Alcantara,Sandy,R,R,SLN,P
badeh001,Bader,Harrison,R,R,SLN,OF
bowmm001,Bowman,Matt,R,R,SLN,P
brebj001,Brebbia,John,L,R,SLN,P
broxj001,Broxton,Jonathan,R,R,SLN,P
carpm002,Carpenter,Matt,L,R,SLN,3B
cecib001,Cecil,Brett,R,L,SLN,P 
dejop001,DeJong,Paul,R,R,SLN,3B
diaza003,Diaz,Aledmys,R,R,SLN,SS
dukez001,Duke,Zach,L,L,SLN,P
flahj002,Flaherty,Jack,R,R,SLN,P
fowld001,Fowler,Dexter,B,R,SLN,OF
fryee001,Fryer,Eric,R,R,SLN,C
gantj002,Gant,John,R,R,SLN,P
garcg002,Garcia,Greg,L,R,SLN,SS
gonzm005,Gonzales,Marco,L,L,SLN,P
gricr001,Grichuk,Randal,R,R,SLN,OF
gyorj001,Gyorko,Jedd,R,R,SLN,2B
huffc001,Huffman,Chad,R,R,SLN,OF
kellc002,Kelly,Carson,R,R,SLN,C
leakm001,Leake,Mike,R,R,SLN,P
lucaj001,Lucas,Josh,R,R,SLN,P
lynnl001,Lynn,Lance,R,R,SLN,P
lyont001,Lyons,Tyler,B,L,SLN,P
martc006,Martinez,Carlos,R,R,SLN,P
martj008,Martinez,Jose,R,R,SLN,OF
mayem001,Mayers,Mike,R,R,SLN,P
mejia002,Mejia,Alex,R,R,SLN,SS
moliy001,Molina,Yadier,R,R,SLN,C
nicaj001,Nicasio,Juan,R,R,SLN,P
oh--s001,Oh,Seung Hwan,R,R,SLN,P
peraj001,Peralta,Jhonny,R,R,SLN,SS
phamt001,Pham,Tommy,R,R,SLN,OF
piscs001,Piscotty,Stephen,R,R,SLN,OF
rosaa002,Rosario,Alberto,R,R,SLN,C
roset001,Rosenthal,Trevor,R,R,SLN,P
sherr001,Sherriff,Ryan,L,L,SLN,P
siegk001,Siegrist,Kevin,L,L,SLN,P
sierm002,Sierra,Magneuris,L,L,SLN,OF
socom001,Socolovich,Miguel,R,R,SLN,P
tuivs001,Tuivailala,Sam,R,R,SLN,P
valeb001,Valera,Breyvic,B,R,SLN,2B
voitl001,Voit,Luke,R,R,SLN,1B
wachm001,Wacha,Michael,R,R,SLN,P
waina001,Wainwright,Adam,R,R,SLN,P 
weavl001,Weaver,Luke,R,R,SLN,P
wongk001,Wong,Kolten,L,R,SLN,2B
alvaj004,Alvarado,Jose,L,L,TBA,P
andrm001,Andriese,Matt,R,R,TBA,P
archc001,Archer,Chris,R,R,TBA,P
beckt001,Beckham,Tim,R,R,TBA,2B
bourp001,Bourjos,Peter,R,R,TBA,OF
boxbb001,Boxberger,Brad,R,R,TBA,P
casac001,Casali,Curt,R,R,TBA,C
cedex001,Cedeno,Xavier,L,L,TBA,P
cishs001,Cishek,Steve,R,R,TBA,P
cobba001,Cobb,Alex,R,R,TBA,P
coloa001,Colome,Alex,R,R,TBA,P 
delej003,De Leon,Jose,R,R,TBA,P
diazj005,Diaz,Jumbo,R,R,TBA,P
dickc002,Dickerson,Corey,L,R,TBA,OF
dudal001,Duda,Lucas,L,R,TBA,1B
espid001,Espinosa,Danny,B,R,TBA,2B
farij001,Faria,Jacob,R,R,TBA,P
farqd001,Farquhar,Danny,R,R,TBA,P
featt001,Featherston,Taylor,R,R,TBA,3B
gartr001,Garton,Ryan,R,R,TBA,P
hecha001,Hechavarria,Adeiny,R,R,TBA,SS
hu--c002,Hu,Chih-Wei,R,R,TBA,P
huntt002,Hunter,Tommy,R,R,TBA,P
jennd003,Jennings,Dan,L,L,TBA,P
kierk001,Kiermaier,Kevin,L,R,TBA,OF
kitta001,Kittredge,Andrew,R,R,TBA,P
kolaa001,Kolarek,Adam,L,L,TBA,P
longe001,Longoria,Evan,R,R,TBA,3B
markj001,Marks,Justin,L,L,TBA,P
martm003,Martinez,Michael,B,R,TBA,2B
millb002,Miller,Brad,L,R,TBA,SS
mored001,Moreno,Diego,R,R,TBA,P
morrl001,Morrison,Logan,L,L,TBA,1B
norrd001,Norris,Derek,R,R,TBA,C
odorj001,Odorizzi,Jake,R,R,TBA,P
petes002,Peterson,Shane,L,L,TBA,OF
plout001,Plouffe,Trevor,R,R,TBA,3B
pruia001,Pruitt,Austin,R,R,TBA,P
puelc001,Puello,Cesar,R,R,TBA,OF
ramie004,Ramirez,Erasmo,R,R,TBA,P
ramow001,Ramos,Wilson,R,R,TBA,C
rasmc001,Rasmus,Colby,L,L,TBA,OF
robed004,Robertson,Daniel,R,R,TBA,SS
roe-c001,Roe,Chaz,R,R,TBA,P
romos001,Romo,Sergio,R,R,TBA,P
smitm007,Smith,Mallex,L,R,TBA,OF
snelb001,Snell,Blake,L,L,TBA,P
souzs001,Souza,Steven,R,R,TBA,OF
stanr002,Stanek,Ryne,R,R,TBA,P
sucrj001,Sucre,Jesus,R,R,TBA,C
weekr001,Weeks,Rickie,R,R,TBA,2B
whitc001,Whitley,Chase,R,R,TBA,P
woodh001,Wood,Hunter,R,R,TBA,P
alvad001,Alvarez,Dario,L,L,TEX,P
andre001,Andrus,Elvis,R,R,TEX,SS
barnt002,Barnette,Tony,R,R,TEX,P
bassa001,Bass,Anthony,R,R,TEX,P
belta001,Beltre,Adrian,R,R,TEX,3B
bibea001,Bibens-Dirkx,Austin,R,R,TEX,P
bushm001,Bush,Matt,R,R,TEX,P
calhw001,Calhoun,Willie,L,R,TEX,OF
casha001,Cashner,Andrew,R,R,TEX,P
chirr001,Chirinos,Robinson,R,R,TEX,C
choos001,Choo,Shin-Soo,L,L,TEX,OF
claip001,Claiborne,Preston,R,R,TEX,P
claua001,Claudio,Alex,L,L,TEX,P
darvy001,Darvish,Yu,R,R,TEX,P
deshd002,DeShields,Delino,R,R,TEX,OF
diekj001,Diekman,Jake,L,L,TEX,P
dysos001,Dyson,Sam,R,R,TEX,P
espip001,Espino,Paolo,R,R,TEX,P
friee001,Frieri,Ernesto,R,R,TEX,P
gallj002,Gallo,Joey,L,R,TEX,OF
gardn001,Gardewine,Nick,R,R,TEX,P
gee-d001,Gee,Dillon,R,R,TEX,P
gomec002,Gomez,Carlos,R,R,TEX,OF
gonzm003,Gonzalez,Miguel,R,R,TEX,P
gossp001,Gosselin,Phil,R,R,TEX,2B
grifa002,Griffin,A.J.,R,R,TEX,P
grilj001,Grilli,Jason,R,R,TEX,P
hamec001,Hamels,Cole,L,L,TEX,P
hausm001,Hauschild,Mike,R,R,TEX,P
hoyij001,Hoying,Jared,L,R,TEX,OF
jeffj001,Jeffress,Jeremy,R,R,TEX,P
jimea001,Jimenez,A.J.,R,R,TEX,C
kelak001,Kela,Keone,R,R,TEX,P
kozmp001,Kozma,Pete,R,R,TEX,SS
leclj001,Leclerc,Jose,R,R,TEX,P
lucrj001,Lucroy,Jonathan,R,R,TEX,C
marij001,Marinez,Jhan,R,R,TEX,P
martn002,Martinez,Nick,L,R,TEX,P
mazan001,Mazara,Nomar,L,L,TEX,OF
mendy001,Mendez,Yohander,L,L,TEX,P
middw001,Middlebrooks,Will,R,R,TEX,3B
napom001,Napoli,Mike,R,R,TEX,1B
nichb001,Nicholas,Brett,L,R,TEX,C
odorr001,Odor,Rougned,L,R,TEX,2B
perem004,Perez,Martin,L,L,TEX,P 
profj001,Profar,Jurickson,B,R,TEX,2B
robid003,Robinson,Drew,L,R,TEX,3B
rodrr007,Rodriguez,Ricardo,R,R,TEX,P
rosst001,Ross,Tyson,R,R,TEX,P
rua-r001,Rua,Ryan,R,R,TEX,OF
schet001,Scheppers,Tanner,R,R,TEX,P
alfoa002,Alford,Anthony,R,R,TOR,OF
andeb004,Anderson,Brett,L,L,TOR,P
aokin001,Aoki,Nori,L,R,TOR,OF
barnd002,Barnes,Danny,L,R,TOR,P
barnd001,Barney,Darwin,R,R,TOR,2B
bautj002,Bautista,Jose,R,R,TOR,OF
belij001,Beliveau,Jeff,L,L,TOR,P
biagj001,Biagini,Joe,R,R,TOR,P
bolsm001,Bolsinger,Mike,R,R,TOR,P 
campl001,Campos,Leonel,R,R,TOR,P
carre001,Carrera,Ezequiel,L,L,TOR,OF
cecid001,Ceciliani,Darrell,L,L,TOR,OF
coghc001,Coghlan,Chris,L,R,TOR,OF
colet001,Cole,Taylor,R,R,TOR,P
dermm001,Dermody,Matt,R,L,TOR,P
donaj001,Donaldson,Josh,R,R,TOR,3B
estrm001,Estrada,Marco,R,R,TOR,P 
goinr001,Goins,Ryan,L,R,TOR,2B
grilj001,Grilli,Jason,R,R,TOR,P
happj001,Happ,J.A.,L,L,TOR,P
harrl002,Harrell,Lucas,B,R,TOR,P
hernt002,Hernandez,Teoscar,R,R,TOR,OF
houst002,House,TJ,R,L,TOR,P
howej003,Howell,J.P.,L,L,TOR,P
koeht001,Koehler,Tom,R,R,TOR,P
latom001,Latos,Mat,R,R,TOR,P
leond003,Leone,Dominic,R,R,TOR,P
lawrc001,Lawrence,Casey,R,R,TOR,P
lirif001,Liriano,Francisco,L,L,TOR,P
loper002,Lopez,Rafael,L,R,TOR,C
loupa001,Loup,Aaron,L,L,TOR,P
maill001,Maile,Luke,R,R,TOR,C
martr004,Martin,Russell,R,R,TOR,C
mayzt001,Mayza,Tim,L,L,TOR,P
montm001,Montero,Miguel,L,R,TOR,C
morak001,Morales,Kendrys,B,R,TOR,DH
ohlmm001,Ohlman,Mike,R,R,TOR,C
osunr001,Osuna,Roberto,R,R,TOR,P
parmi001,Parmley,Ian,L,L,TOR,OF
pears001,Pearce,Steve,R,R,TOR,OF
pillk001,Pillar,Kevin,R,R,TOR,OF
ramic001,Ramirez,Carlos,R,R,TOR,P
refsr001,Refsnyder,Rob,R,R,TOR,2B
rowlc001,Rowley,Chris,R,R,TOR,P
saltj001,Saltalamacchia,Jarrod,B,R,TOR,C
sanca006,Sanchez,Aaron,R,R,TOR,P
santl001,Santos,Luis,R,R,TOR,P
saunm001,Saunders,Michael,L,R,TOR,OF
smitc005,Smith,Chris,R,R,TOR,P
smitd007,Smith,Dwight,L,R,TOR,OF
smitj002,Smith,Joe,R,R,TOR,P
smoaj001,Smoak,Justin,B,L,TOR,1B
sparg001,Sparkman,Glenn,B,R,TOR,P
strom001,Stroman,Marcus,R,R,TOR,P
teper001,Tepera,Ryan,R,R,TOR,P 
tepen001,Tepesch,Nick,R,R,TOR,P
travd001,Travis,Devon,R,R,TOR,2B
tulot001,Tulowitzki,Troy,R,R,TOR,SS
urenr001,Urena,Richard,B,R,TOR,SS
valdc003,Valdez,Cesar,R,R,TOR,P
adama002,Adams,Austin,R,R,WAS,P
albem001,Albers,Matt,L,R,WAS,P
bautr001,Bautista,Rafael,R,R,WAS,OF
blanj001,Blanton,Joe,R,R,WAS,P
colea002,Cole,A.J.,R,R,WAS,P
deaza001,de Aza,Alejandro,L,L,WAS,OF
difow001,Difo,Wilmer,B,R,WAS,2B
dools001,Doolittle,Sean,L,L,WAS,P
drews001,Drew,Stephen,L,R,WAS,2B
eatoa002,Eaton,Adam,L,L,WAS,OF
fedde001,Fedde,Erick,R,R,WAS,P
glovk001,Glover,Koda,R,R,WAS,P
gonzg003,Gonzalez,Gio,R,L,WAS,P
goodb001,Goodwin,Brian,L,R,WAS,OF
gottt001,Gott,Trevor,R,R,WAS,P
gracm003,Grace,Matt,L,L,WAS,P
greeg002,Green,Grant,R,R,WAS,2B
guthj001,Guthrie,Jeremy,R,R,WAS,P
harpb003,Harper,Bryce,L,R,WAS,OF
heisc001,Heisey,Chris,R,R,WAS,OF
jacke001,Jackson,Edwin,R,R,WAS,P
kells001,Kelley,Shawn,R,R,WAS,P
kendh001,Kendrick,Howie,R,R,WAS,OF
kintb001,Kintzler,Brandon,R,R,WAS,P
linda001,Lind,Adam,L,L,WAS,1B
lobaj001,Lobaton,Jose,B,R,WAS,C
madsr001,Madson,Ryan,L,R,WAS,P
murpd006,Murphy,Daniel,L,R,WAS,2B
pereo002,Perez,Oliver,L,L,WAS,P
rabur001,Raburn,Ryan,R,R,WAS,2B
readr002,Read,Raudy,R,R,WAS,C
renda001,Rendon,Anthony,R,R,WAS,2B
roart001,Roark,Tanner,R,R,WAS,P 
roblv001,Robles,Victor,R,R,WAS,OF
romee002,Romero,Enny,R,L,WAS,P
rossj002,Ross,Joe,R,R,WAS,P 
sanca007,Sanchez,Adrian,R,R,WAS,2B
schem001,Scherzer,Max,R,R,WAS,P
sevep001,Severino,Pedro,R,R,WAS,C
solis001,Solis,Sammy,R,L,WAS,P
steva001,Stevenson,Andrew,L,L,WAS,OF
stras001,Strasburg,Stephen,R,R,WAS,P
taylm002,Taylor,Michael,R,R,WAS,OF
treib001,Treinen,Blake,R,R,WAS,P
turnj002,Turner,Jacob,R,R,WAS,P
turnt001,Turner,Trea,R,R,WAS,SS
wertj001,Werth,Jayson,R,R,WAS,OF
wietm001,Wieters,Matt,B,R,WAS,C
zimmr001,Zimmerman,Ryan,R,R,WAS,1B
